マック,男
マック,男
スタバ,女
スタバ,女
マック,男
マック,男
マック,男
マック,女
マック,男
マック,男
マック,男
スタバ,女
スタバ,女
スタバ,男
マック,男
スタバ,女
マック,男
スタバ,女
スタバ,女
スタバ,女
マック,男
スタバ,女
スタバ,女
スタバ,男
マック,女
スタバ,女
マック,男
マック,男
スタバ,女
スタバ,男
スタバ,女
スタバ,男
マック,女
マック,男
スタバ,女
マック,男
スタバ,男
スタバ,男
スタバ,女
マック,男
マック,男
スタバ,女
マック,男
スタバ,女
スタバ,男
スタバ,男
スタバ,女
スタバ,女
スタバ,女
スタバ,女
スタバ,女
マック,男
スタバ,女
スタバ,女
スタバ,女
マック,男
スタバ,女
マック,男
マック,男
スタバ,男
スタバ,男
マック,男
スタバ,女
マック,女
スタバ,女
スタバ,女
スタバ,女
マック,男
マック,男
スタバ,男
マック,男
スタバ,女
マック,女
マック,男
マック,女
スタバ,男
マック,男
スタバ,女
スタバ,女
スタバ,男
スタバ,女
スタバ,女
マック,男
マック,男
マック,男
スタバ,女
スタバ,女
マック,男
マック,男
スタバ,男
スタバ,女
マック,男
マック,男
スタバ,男
マック,男
マック,女
マック,男
マック,男
スタバ,女
マック,男
スタバ,女
マック,男
スタバ,女
スタバ,女
マック,男
スタバ,女
マック,男
スタバ,女
スタバ,男
スタバ,女
スタバ,女
スタバ,男
マック,男
マック,女
マック,男
スタバ,男
スタバ,女
マック,女
マック,男
スタバ,女
スタバ,男
マック,男
スタバ,女
スタバ,男
スタバ,女
マック,男
スタバ,女
スタバ,女
スタバ,女
スタバ,女
スタバ,男
スタバ,男
マック,男
スタバ,男
マック,男
マック,女
スタバ,男
スタバ,女
スタバ,女
スタバ,女
スタバ,女
スタバ,女
マック,男
スタバ,女
マック,男
スタバ,女
マック,男
マック,男
マック,男
スタバ,女
スタバ,女
マック,男
スタバ,女
マック,男
スタバ,男
スタバ,女
スタバ,女
スタバ,男
スタバ,女
スタバ,男
スタバ,男
マック,女
スタバ,男
スタバ,女
スタバ,女
スタバ,男
マック,男
マック,女
マック,男
マック,女
マック,女
スタバ,男
スタバ,女
スタバ,男
スタバ,女
マック,女
スタバ,女
マック,男
マック,男
マック,男
マック,女
マック,男
マック,女
マック,男
スタバ,女
スタバ,女
マック,男
スタバ,女
マック,男
マック,男
スタバ,女
スタバ,女
マック,男
スタバ,女
マック,男
マック,男
スタバ,男
スタバ,女
スタバ,女
マック,男
マック,男
マック,男
スタバ,女
スタバ,男
スタバ,女
スタバ,女
マック,男
スタバ,女
マック,男
スタバ,女
マック,男
マック,男
スタバ,女
マック,男
スタバ,女
マック,女
スタバ,男
マック,男
スタバ,女
マック,女
スタバ,男
マック,男
マック,男
スタバ,女
スタバ,男
マック,女
マック,男
スタバ,女
マック,男
スタバ,女
スタバ,女
マック,女
マック,男
マック,男
スタバ,男
マック,女
スタバ,女
マック,男
スタバ,女
スタバ,女
マック,男
スタバ,女
スタバ,女
スタバ,女
マック,男
スタバ,女
スタバ,女
スタバ,男
マック,男
マック,女
マック,男
マック,男
スタバ,女
スタバ,男
スタバ,女
マック,女
マック,男
マック,男
スタバ,女
スタバ,女
マック,男
マック,男
マック,男
マック,男
マック,女
スタバ,女
スタバ,男
マック,男
スタバ,女
マック,女
マック,男
スタバ,男
スタバ,女
スタバ,女
スタバ,男
スタバ,女
スタバ,女
マック,女
マック,男
マック,男
スタバ,女
スタバ,女
マック,男
マック,男
マック,男
スタバ,女
スタバ,男
スタバ,女
マック,女
マック,男
スタバ,女
スタバ,女
マック,男
スタバ,男
マック,男
マック,男
スタバ,男
マック,男
マック,男
マック,女
マック,男
マック,男
スタバ,女
マック,男
マック,男
マック,男
スタバ,女
マック,女
スタバ,男
マック,女
マック,男
スタバ,女
マック,男
スタバ,女
マック,男
スタバ,女
マック,男
マック,男
スタバ,女
マック,男
スタバ,女
マック,男
スタバ,女
スタバ,女
スタバ,男
マック,男
スタバ,女
スタバ,女
マック,男
スタバ,男
スタバ,女
スタバ,男
スタバ,男
スタバ,女
スタバ,女
スタバ,女
マック,男
スタバ,男
マック,男
スタバ,女
スタバ,女
マック,男
スタバ,女
スタバ,男
スタバ,男
マック,男
マック,男
マック,男
スタバ,女
スタバ,男
スタバ,男
スタバ,女
スタバ,女
マック,女
スタバ,男
マック,男
マック,男
マック,男
スタバ,女
スタバ,女
スタバ,男
スタバ,女
マック,女
スタバ,女
マック,男
マック,男
マック,男
スタバ,男
スタバ,女
スタバ,女
マック,男
マック,男
スタバ,男
マック,男
マック,男
スタバ,女
スタバ,女
マック,男
スタバ,女
スタバ,女
スタバ,女
スタバ,女
スタバ,女
マック,男
マック,男
スタバ,女
マック,男
マック,女
マック,男
スタバ,女
マック,男
スタバ,女
マック,男
マック,男
スタバ,男
マック,男
マック,男
スタバ,男
スタバ,女
マック,男
スタバ,女
スタバ,女
マック,女
スタバ,男
マック,女
スタバ,男
スタバ,女
スタバ,女
スタバ,女
マック,男
スタバ,男
スタバ,女
マック,女
スタバ,女
スタバ,女
マック,男
スタバ,女
スタバ,女
スタバ,男
スタバ,男
マック,女
スタバ,男
スタバ,女
スタバ,男
スタバ,女
マック,男
スタバ,女
スタバ,女
マック,男
スタバ,女
マック,男
マック,男
スタバ,男
マック,女
マック,男
スタバ,女
スタバ,女
マック,女
スタバ,女
スタバ,男
スタバ,女
マック,男
マック,女
スタバ,男
マック,男
スタバ,女
マック,男
スタバ,女
スタバ,男
マック,男
マック,男
スタバ,男
スタバ,男
マック,男
スタバ,女
マック,男
マック,男
マック,女
スタバ,女
マック,女
スタバ,女
スタバ,女
マック,女
スタバ,女
スタバ,男
マック,男
マック,女
スタバ,女
スタバ,女
マック,男
スタバ,女
マック,男
マック,男
マック,女
マック,男
マック,女
スタバ,女
マック,男
スタバ,女
マック,男
スタバ,男
マック,女
スタバ,男
マック,女
スタバ,女
マック,男
スタバ,女
マック,女
スタバ,女
スタバ,男
マック,男
スタバ,女
スタバ,女
スタバ,女
マック,男
スタバ,女
スタバ,女
マック,男
スタバ,女
スタバ,女
マック,女
マック,女
マック,男
マック,男
マック,男
マック,男
スタバ,女
スタバ,女
スタバ,女
マック,男
スタバ,女
スタバ,女
マック,男
マック,男
スタバ,女
マック,男
スタバ,女
マック,男
マック,男
マック,男
マック,男
マック,男
マック,男
マック,男
スタバ,女
スタバ,女
スタバ,男
マック,男
スタバ,女
スタバ,女
マック,男
マック,女
スタバ,女
マック,男
マック,女
スタバ,男
スタバ,女
スタバ,男
マック,女
スタバ,男
マック,男
マック,男
マック,男
マック,女
マック,男
マック,男
マック,男
スタバ,男
スタバ,男
スタバ,男
スタバ,女
スタバ,女
スタバ,女
スタバ,男
マック,女
マック,男
マック,男
スタバ,女
スタバ,女
マック,男
スタバ,女
スタバ,男
スタバ,女
スタバ,女
スタバ,女
マック,女
スタバ,女
スタバ,男
マック,男
スタバ,男
マック,男
マック,男
スタバ,男
マック,男
スタバ,女
マック,男
スタバ,女
スタバ,女
スタバ,女
マック,女
スタバ,女
スタバ,女
スタバ,女
マック,男
スタバ,男
スタバ,女
スタバ,女
スタバ,女
マック,男
マック,男
スタバ,女
スタバ,女
スタバ,女
スタバ,女
スタバ,女
マック,男
スタバ,女
マック,女
マック,女
スタバ,女
マック,女
マック,男
スタバ,女
スタバ,女
マック,男
マック,男
スタバ,男
スタバ,男
スタバ,女
スタバ,男
マック,男
スタバ,女
スタバ,女
スタバ,男
スタバ,女
スタバ,女
マック,男
スタバ,男
マック,女
スタバ,女
マック,女
マック,男
マック,男
マック,男
スタバ,男
スタバ,女
スタバ,女
スタバ,男
マック,男
マック,女
スタバ,女
マック,男
スタバ,男
マック,男
マック,男
マック,男
スタバ,男
マック,男
スタバ,女
マック,女
マック,男
マック,女
スタバ,男
スタバ,男
スタバ,女
マック,男
マック,女
マック,男
マック,男
スタバ,女
マック,女
スタバ,男
スタバ,男
スタバ,女
スタバ,男
マック,男
スタバ,女
スタバ,女
スタバ,女
マック,女
マック,女
マック,男
スタバ,女
スタバ,女
スタバ,女
スタバ,女
スタバ,男
スタバ,女
マック,男
マック,男
スタバ,女
マック,男
スタバ,女
スタバ,男
スタバ,女
スタバ,男
マック,男
マック,男
マック,女
マック,男
スタバ,女
スタバ,女
マック,男
スタバ,女
マック,男
マック,男
スタバ,女
スタバ,男
マック,男
スタバ,女
マック,男
マック,男
スタバ,女
スタバ,女
スタバ,女
スタバ,男
スタバ,女
マック,男
マック,男
スタバ,女
スタバ,女
スタバ,女
スタバ,男
スタバ,女
スタバ,男
マック,男
スタバ,女
マック,男
スタバ,女
スタバ,女
スタバ,女
マック,男
マック,男
スタバ,女
マック,女
スタバ,女
スタバ,女
マック,男
マック,男
マック,男
スタバ,女
マック,男
マック,男
マック,男
マック,男
スタバ,女
スタバ,男
スタバ,女
スタバ,女
マック,男
マック,男
マック,男
スタバ,男
マック,男
スタバ,女
スタバ,女
スタバ,男
スタバ,女
マック,女
マック,男
スタバ,女
マック,女
マック,男
スタバ,女
マック,男
スタバ,男
マック,男
マック,女
マック,男
マック,男
マック,男
スタバ,女
マック,男
マック,女
マック,男
マック,男
スタバ,女
マック,男
マック,男
マック,男
スタバ,女
マック,男
マック,女
マック,男
マック,男
マック,男
スタバ,女
スタバ,女
スタバ,女
スタバ,男
マック,女
スタバ,女
スタバ,女
スタバ,女
マック,男
スタバ,女
マック,女
マック,男
マック,男
マック,男
マック,男
スタバ,女
スタバ,男
マック,男
マック,男
マック,女
マック,女
スタバ,女
マック,女
マック,女
マック,女
マック,男
スタバ,女
マック,男
マック,男
スタバ,女
マック,男
スタバ,女
スタバ,女
マック,男
スタバ,女
マック,男
マック,男
スタバ,女
マック,男
マック,男
マック,男
スタバ,女
マック,女
スタバ,男
マック,男
マック,男
スタバ,男
スタバ,女
マック,男
マック,男
スタバ,男
スタバ,女
マック,女
スタバ,男
マック,男
スタバ,女
スタバ,男
スタバ,女
マック,女
スタバ,女
マック,男
マック,男
スタバ,女
スタバ,女
マック,男
マック,男
マック,男
スタバ,女
スタバ,女
マック,女
スタバ,女
マック,男
マック,男
マック,男
マック,女
スタバ,女
スタバ,男
スタバ,女
マック,男
マック,男
スタバ,女
スタバ,女
スタバ,男
スタバ,男
マック,女
スタバ,女
スタバ,女
スタバ,女
マック,女
マック,男
マック,男
スタバ,女
マック,女
スタバ,女
マック,男
マック,男
スタバ,男
マック,男
スタバ,男
スタバ,男
スタバ,女
スタバ,女
マック,男
スタバ,女
マック,男
スタバ,男
マック,男
マック,男
マック,男
マック,男
スタバ,女
マック,男
スタバ,女
スタバ,女
マック,男
マック,男
マック,女
スタバ,女
スタバ,女
マック,男
マック,男
スタバ,女
マック,男
スタバ,女
マック,男
マック,男
スタバ,女
スタバ,女
スタバ,女
スタバ,女
スタバ,女
スタバ,女
スタバ,女
スタバ,女
マック,女
スタバ,女
マック,男
スタバ,女
スタバ,男
スタバ,女
スタバ,女
スタバ,男
マック,女
マック,女
スタバ,男
スタバ,女
スタバ,女
マック,男
マック,男
スタバ,女
スタバ,女
マック,女
スタバ,女
スタバ,女
スタバ,男
スタバ,女
スタバ,女
スタバ,男
マック,女
スタバ,女
マック,男
スタバ,女
スタバ,女
スタバ,女
マック,女
スタバ,女
マック,男
スタバ,男
マック,男
スタバ,女
マック,男
マック,男
マック,男
マック,男
マック,男
スタバ,女
スタバ,男
スタバ,女
スタバ,女
スタバ,女
マック,男
マック,男
スタバ,男
スタバ,男
スタバ,男
マック,男
スタバ,男
マック,男
マック,男
マック,女
マック,男
スタバ,男
スタバ,女
マック,男
マック,男
スタバ,女
スタバ,女
マック,男
マック,男
スタバ,男
マック,女
スタバ,男
スタバ,男
マック,女
マック,男
スタバ,女
スタバ,男
スタバ,女
マック,男
スタバ,女
マック,男
マック,男
マック,男
スタバ,女
マック,男
マック,男
マック,男
スタバ,女
スタバ,女
マック,男
マック,女
スタバ,女
スタバ,男
スタバ,女
マック,女
スタバ,女
マック,男
スタバ,男
スタバ,男
スタバ,女
スタバ,女
マック,女
スタバ,男
マック,男
